id,value,timestamp
0,Message 0,1730803873.855709
1,Message 1,1730803873.965187
2,Message 2,1730803874.0685143
3,Message 3,1730803874.1705208
4,Message 4,1730803874.2729363
5,Message 5,1730803874.3753374
6,Message 6,1730803874.4776027
7,Message 7,1730803874.579058
8,Message 8,1730803874.681112
9,Message 9,1730803874.7835345
10,Message 10,1730803874.8863888
11,Message 11,1730803874.9882913
12,Message 12,1730803875.0906625
13,Message 13,1730803875.1946566
14,Message 14,1730803875.2980678
15,Message 15,1730803875.4009662
16,Message 16,1730803875.5043383
17,Message 17,1730803875.6067731
18,Message 18,1730803875.7086668
19,Message 19,1730803875.8110695
20,Message 20,1730803875.9130192
21,Message 21,1730803876.0176287
22,Message 22,1730803876.1196685
23,Message 23,1730803876.2214913
24,Message 24,1730803876.323545
25,Message 25,1730803876.42555
26,Message 26,1730803876.527866
27,Message 27,1730803876.6304398
28,Message 28,1730803876.7330098
29,Message 29,1730803876.8351
30,Message 30,1730803876.9373093
31,Message 31,1730803877.0401425
32,Message 32,1730803877.1424382
33,Message 33,1730803877.244024
34,Message 34,1730803877.345679
35,Message 35,1730803877.4473906
36,Message 36,1730803877.5508943
37,Message 37,1730803877.6846273
38,Message 38,1730803877.787414
39,Message 39,1730803877.889434
40,Message 40,1730803877.9936204
41,Message 41,1730803878.0987837
42,Message 42,1730803878.204093
43,Message 43,1730803878.3175051
44,Message 44,1730803878.4224036
45,Message 45,1730803878.525191
46,Message 46,1730803878.6274092
47,Message 47,1730803878.729995
48,Message 48,1730803878.8345473
49,Message 49,1730803878.936336
50,Message 50,1730803879.0402517
51,Message 51,1730803879.1432867
52,Message 52,1730803879.2463145
53,Message 53,1730803879.3484914
54,Message 54,1730803879.4506588
55,Message 55,1730803879.5537171
56,Message 56,1730803879.655636
57,Message 57,1730803879.7581983
58,Message 58,1730803879.8606155
59,Message 59,1730803879.962592
60,Message 60,1730803880.0645318
61,Message 61,1730803880.1670861
62,Message 62,1730803880.2690191
63,Message 63,1730803880.3716393
64,Message 64,1730803880.4739878
65,Message 65,1730803880.5771868
66,Message 66,1730803880.6800418
67,Message 67,1730803880.7825315
68,Message 68,1730803880.884023
69,Message 69,1730803880.985643
70,Message 70,1730803881.0878692
71,Message 71,1730803881.1903632
72,Message 72,1730803881.2927158
73,Message 73,1730803881.3956723
74,Message 74,1730803881.4983814
75,Message 75,1730803881.6014225
76,Message 76,1730803881.7042222
77,Message 77,1730803881.8082547
78,Message 78,1730803881.9109159
79,Message 79,1730803882.0162807
80,Message 80,1730803882.1209414
81,Message 81,1730803882.2248816
82,Message 82,1730803882.3267498
83,Message 83,1730803882.4303155
84,Message 84,1730803882.5353646
85,Message 85,1730803882.6375167
86,Message 86,1730803882.741188
87,Message 87,1730803882.8447165
88,Message 88,1730803882.9470744
89,Message 89,1730803883.0501459
90,Message 90,1730803883.154133
91,Message 91,1730803883.2576275
92,Message 92,1730803883.3596866
93,Message 93,1730803883.462667
94,Message 94,1730803883.5666735
95,Message 95,1730803883.6687353
96,Message 96,1730803883.7740316
97,Message 97,1730803883.8780324
98,Message 98,1730803883.982213
99,Message 99,1730803884.084008
